"First_Name","Last_Name","Email"
"Dhandevy","Hurkoo","ddjeetun@intercontinentaltrust.com"
"Viveka","Jugasing","vjugasing@intercontinentaltrust.com"
"Vick","Navjee","vnavjee@technology10.com"
"Beatrice","Kong","bkong@intercontinentaltrust.com"
"Andres","Gonzalez","andres@technology10.com"
"Nicholas","Du Rhone","nicholas@technology10.com"
"Toorisha","Nakey-Kurnauth","tnakey@intercontinentaltrust.com"
